{
  "project_info": {
    "project_number": "401285047293",
    "firebase_url": "https://project-ab7ac.firebaseio.com",
    "project_id": "project-ab7ac",
    "storage_bucket": "project-ab7ac.appspot.com"
  },
  "client": [
    {
      "client_info": {
        "mobilesdk_app_id": "1:401285047293:android:3d76736a9ac51527",
        "android_client_info": {
          "package_name": "com.example.anantkedia.project"
        }
      },
      "oauth_client": [
        {
          "client_id": "401285047293-tktk7ph1895d4ej2rgggvr9k0b7u9747.apps.googleusercontent.com",
          "client_type": 1,
          "android_info": {
            "package_name": "com.example.anantkedia.project",
            "certificate_hash": "5d2ce93805b9abbd0b083f6db817e81fd07ff859"
          }
        },
        {
          "client_id": "401285047293-i8vpourc2gvjrmaa5g9vka3sj5lj6i56.apps.googleusercontent.com",
          "client_type": 3
        }
      ],
      "api_key": [
        {
          "current_key": "AIzaSyD67qZnCbkpoxRE1n1teq2O_9xVIPIapSY"
        }
      ],
      "services": {
        "analytics_service": {
          "status": 1
        },
        "appinvite_service": {
          "status": 2,
          "other_platform_oauth_client": [
            {
              "client_id": "401285047293-i8vpourc2gvjrmaa5g9vka3sj5lj6i56.apps.googleusercontent.com",
              "client_type": 3
            }
          ]
        },
        "ads_service": {
          "status": 2
        }
      }
    }
  ],
  "configuration_version": "1"
}